HTML Tag,Total Keyword Occurrences,Importance Score
a,12725,1.0
p,11251,0.8841650294695481
meta_keywords,8621,0.6774852652259332
title,1270,0.09980353634577603
h1,1111,0.08730844793713163
url_path,1078,0.08471512770137525
h2,945,0.07426326129666012
h3,724,0.056895874263261294
strong,519,0.04078585461689587
h4,340,0.026719056974459726
