HTML Tag,Total Keyword Occurrences,Importance Score
a,10053,1.0
p,8919,0.8871978513876455
meta_keywords,5934,0.5902715607281408
title,934,0.09290758977419676
url_path,825,0.08206505520740077
h1,815,0.08107032726549289
h2,730,0.07261513975927583
h3,492,0.0489406147418681
strong,426,0.04237541032527604
h4,277,0.0275539639908485
em,164,0.016313538247289365
