HTML Tag,Total Keyword Occurrences,Importance Score
p,1234,1.0
title,1109,0.8987034035656402
a,282,0.22852512155591573
h2,148,0.11993517017828201
h4,36,0.029173419773095625
meta_keywords,23,0.018638573743922204
h3,22,0.017828200972447326
h1,2,0.0016207455429497568
url_path,2,0.0016207455429497568
em,0,0.0
