tag,total_frequency,mean_importance_score,std_importance_score,num_datasets,ranking
div,11228,100.0,0.0,1,1
a,11102,98.87780548628429,0.0,1,2
li,7737,68.90808692554329,0.0,1,3
span,5554,49.465621660135376,0.0,1,4
p,1906,16.975418596366225,0.0,1,5
ul,1384,12.326327039543997,0.0,1,6
td,866,7.712860705379408,0.0,1,7
h3,846,7.534734592091201,0.0,1,8
h2,618,5.504096900605629,0.0,1,9
strong,440,3.918774492340577,0.0,1,10
